FIRM_ID,FIRM_NAME,SEARCH_TERM
9,FIRST EQUITY CORPORATION OF FLORIDA,:8-15025
61,B. C. ZIEGLER AND COMPANY,:8-94
212,"DELAWARE MANAGEMENT COMPANY, INC.",:8-348
289,"INVESCO DISTRIBUTORS, INC.",:8-2856
361,GOLDMAN SACHS & CO. LLC,:8-129
453,"J.J.B. HILLIARD, W.L. LYONS, LLC",:8-33133
583,UBS ASSET MANAGEMENT (US) INC.,:8-21901
759,"SECURITIES MANAGEMENT & RESEARCH, INC.",:8-12745
848,"EULAV SECURITIES, INC.",:8-11005
940,HAMBRECHT & QUIST LLC,:8-29123
1252,WILLIAM BLAIR,:8-2698
1489,"RELEVANT WEALTH ADVISORS, LLC",:8-14903
1588,DAVENPORT & COMPANY LLC,:8-17103
1697,"DUPREE & COMPANY, INC.",:8-10938
1844,"FIRST INVESTORS MANAGEMENT COMPANY, INC.",:8-8370
1845,FIRST MANHATTAN CO,:8-10438
1932,"THE PIONEER GROUP, INC.",:8-5632
2016,GLICKENHAUS & CO.,:8-9614
2288,"INGALLS & SNYDER, LLC",:8-1865
2331,"INVESTORS SECURITY COMPANY, INC.",:8-12111
2682,MASSACHUSETTS MUTUAL LIFE INSURANCE COMPANY,:8-13941
2993,H. M. PAYSON & CO.,:8-2205
2998,"BOSTON PARTNERS SECURITIES, L.L.C.",:8-15648
3004,PENN SQUARE MANAGEMENT CORPORATION,:8-13534
3140,"W. H. REAVES & CO., INC.",:8-22142
3487,STATE FARM INVESTMENT MANAGEMENT CORP.,:8-13379
3513,"T.O. RICHARDSON COMPANY, INC.",:8-37270
3524,"STRALEM & COMPANY, INCORPORATED",:8-13062
5308,"EQUITRUST INVESTMENT MANAGEMENT SERVICES, INC.",:8-15854
5393,"CHARLES SCHWAB & CO., INC.",:8-16514
5493,NEUBERGER BERMAN MANAGEMENT LLC,:8-16229
6210,WILSHIRE ASSOCIATES INCORPORATED,:8-23852
6540,ABN AMRO SECURITIES LLC,:8-17741
6566,"CHRISTOPHER WEIL & COMPANY, INC",:8-17703
6635,GUARDIAN INVESTOR SERVICES LLC,:8-14108
7036,GOLD CAPITAL MANAGEMENT INC.,:8-20374
7186,WALL STREET MANAGEMENT CORPORATION,:8-3796
7415,"KENWOOD FINANCIAL GROUP OF MINNEAPOLIS, INC.",:8-21746
8158,ROBERT W. BAIRD & CO. INCORPORATED,:8-497
8348,"T. ROWE PRICE INVESTMENT SERVICES, INC.",:8-25130
11085,"ATALANTA SOSNOFF MANAGEMENT, LLC",:8-27425
11173,"NATIONWIDE SECURITIES, LLC",:8-12500
11181,TAMARACK DISTRIBUTORS INC.,:8-7802
111945,CONSERVEST MANAGEMENT CO,:801-12634
13162,"DUNHAM & ASSOCIATES INVESTMENT COUNSEL, INC.",:8-28527
13452,ACCRUED EQUITIES INC.,:8-17356
13645,"WRIGHT INVESTORS' SERVICE DISTRIBUTORS, INC.",:8-29579
15692,"AMSOUTH INVESTMENT SERVICES, INC.",:8-32565
15876,EQUITY ANALYSTS INC.,:8-32856
16009,"MANUFACTURERS SECURITIES SERVICES, LLC",:8-33102
16197,"RODGERS BROTHERS, INC.",:8-33475
17365,NATIONAL CITY INVESTMENTS CORPORATION,:8-35167
17580,"STATE STREET RESEARCH INVESTMENT SERVICES, INC.",:8-35442
17868,"U.S. BANCORP INVESTMENTS, INC.",:8-35359
18387,THRIVENT INVESTMENT MANAGEMENT INC.,:8-36525
19396,WILMINGTON TRUST INVESTMENT MANAGEMENT,:8-37376
21644,ING INVESTMENT MANAGEMENT SERVICES LLC,:8-36730
21675,DIRECTED SERVICES LLC,:8-39104
22509,"KELMOORE INVESTMENT COMPANY, INC.",:8-39814
22998,"MUZINICH & CO., INC.",:8-40102
23714,FREEDOM INVESTORS CORP.,:8-40671
24035,"FIRST SECURITY INVESTMENTS, INC.",:8-40870
24075,"IFS FUND DISTRIBUTORS, INC.",:8-40907
24125,BAXTER FINANCIAL CORPORATION,:8-40970
25586,SATURNA CAPITAL CORPORATION,:8-41998
25593,CATERPILLAR SECURITIES INC.,:8-41810
25929,COLONIAL INVESTMENT SERVICES,:8-42176
29433,"HEARTLAND ADVISORS, INC.",:8-44310
30161,"LIPPER & COMPANY, L.P.",:8-44767
30339,"BHIRUD ASSOCIATES, INC.",:8-44868
34975,"SOUTHTRUST INVESTMENT SERVICES, INC.",:8-46455
35084,"LINDNER ASSET MANAGEMENT, INC.",:8-46543
37185,CATHOLIC FINANCIAL SERVICES CORPORATION,:8-47592
37813,FSIC,:8-48032
38474,"OLSTEIN CAPITAL MANAGEMENT, L.P.",:8-48324
38751,"LEIGH BALDWIN & CO., LLC",:8-48385
39438,BLACKROCK EXECUTION SERVICES,:8-48719
39805,"GUGGENHEIM FUNDS DISTRIBUTORS, LLC",:8-48842
41835,"TIMOTHY PARTNERS, LTD.",:8-49589
42803,"VALIC FINANCIAL ADVISORS, INC.",:8-50018
44645,FOUNDERS ASSET MANAGEMENT LLC,:8-50761
45040,"W.R. HAMBRECHT + CO., LLC",:8-50935
45756,BEAR STEARNS ASSET MANAGEMENT INC.,:8-51192
45995,"HARTFORD FUNDS DISTRIBUTORS, LLC",:8-51290
46088,"BACAP DISTRIBUTORS, LLC",:8-51304
46206,LEADER CAPITAL CORP.,:8-51343
46217,"HOLLENCREST CAPITAL MANAGEMENT, LLC",:8-51348
46727,"ADVISORS ASSET MANAGEMENT, INC.",:8-51509
46869,"ISI CAPITAL, LLC",:8-51565
47781,"ACTIVA ASSET MANAGEMENT, LLC",:8-51903
104487,BROWN BROTHERS HARRIMAN & CO.,:BROWN+BROTHERS+HARRIMAN+&+CO.
104511,"TOM JOHNSON INVESTMENT MANAGEMENT, LLC",:801-42549
104517,"FRANKLIN ADVISERS, INC.",:801-26292
104518,"DWS INVESTMENT MANAGEMENT AMERICAS, INC.",:801-252
104525,MORGAN STANLEY INVESTMENT ADVISORS INC.,:801-42061
104539,CORNERSTONE ASSET MANAGEMENT,:801-63659
104541,"GRATRY & COMPANY, LLC",:801-27598
104552,STATE STREET RESEARCH & MANAGEMENT COMPANY,:801-18538
104555,STRATEGIC ADVISERS LLC,:801-13243
104561,THE VARIABLE ANNUITY LIFE INSURANCE COMPANY,:801-8138
104566,MATTHEW 25 MANAGEMENT CORP,:801-49550
104571,METROPOLITAN WEST ASSET MANAGEMENT LLC,:801-53332
104576,"PEAR TREE ADVISORS, INC.",:801-19222
104583,BERNZOTT  CAPITAL ADVISORS,:801-56940
104585,AMERITOR FINANCIAL CORP,:801-55408
104589,CLAREMONT INVESTMENT PARTNERS LLC,:801-55911
104596,DODGE & COX,:801-1895
104599,"KAYNE ANDERSON RUDNICK INVESTMENT MANAGEMENT, LLC",:801-24241
104604,"CHRISTIAN BROTHERS INVESTMENT SERVICES, INC.",:801-16639
104626,"NUVEEN FUND ADVISORS, LLC",:801-14147
104634,"KIRR, MARBACH & COMPANY, LLC",:801-10809
104635,DEAN INVESTMENTS,:801-9895
104638,"SELWAY ASSET MANAGEMENT, INC.",:801-4424
104645,"R.W. ROGE & COMPANY, INC",:801-28012
104648,CHASE INVESTMENT COUNSEL CORPORATION,:801-3396
104650,"CLEARARC CAPITAL, INC.",:801-11184
104652,JANUS CAPITAL MANAGEMENT LLC,:801-13991
104685,PORTFOLIO STRATEGIES INC,:801-18475
104693,SCHWARTZ INVESTMENT COUNSEL INC,:801-32773
104702,WCM INVESTMENT MANAGEMENT,:801-11916
104705,"COMMERCE INVESTMENT ADVISORS, INC.",:801-60083
104713,"BANC OF AMERICA INVESTMENT ADVISORS, INC.",:801-26296
104716,CORBYN INVESTMENT MANAGEMENT INC,:801-9139
104719,PACIFIC INCOME ADVISERS INC,:801-27828
104720,SHELTON CAPITAL MANAGEMENT,:801-25205
104735,BRUCE & CO INC,:801-10193
104747,"BRAVER WEALTH MANAGEMENT, LLC",:801-26501
104781,"LEE FINANCIAL GROUP HAWAII, INC.",:801-33016
104783,CAPITAL MANAGEMENT ASSOCIATES INC,:801-17691
104784,"KEMPNER CAPITAL MANAGEMENT, INC.",:801-17585
104793,"LEEB CAPITAL MANAGEMENT, INC.",:801-4565
104796,CLARK CAPITAL MANAGEMENT GROUP INC,:801-28445
104812,QUAKER CAPITAL MANAGEMENT CORP,:801-24702
104817,SYMONS CAPITAL MANAGEMENT INC,:801-18876
104819,ARNOLD INVESTMENT COUNSEL INC,:801-13754
104845,AXA EQUITABLE LIFE INSURANCE COMPANY,:801-7000
104853,BOSTON MANAGEMENT AND RESEARCH,:801-43127
104855,SALEM INVESTMENT COUNSELORS INC,:801-14487
104859,EATON VANCE MANAGEMENT,:801-15930
104862,"STRATEGIC INVESTMENT MANAGEMENT, LLC",:801-31849
104870,HGK ASSET MANAGEMENT INC,:801-19314
104885,INVESCO INVESTMENT ADVISERS LLC,:801-1669
104931,EVERGREEN CAPITAL MANAGEMENT LLC,:801-20248
104946,CINCINNATI ASSET MANAGEMENT INC,:801-34376
104948,HIGHLAND ASSOCIATES INC,:801-30248
104949,"GABELLI FUNDS, LLC",:801-37706
104950,GAMCO ASSET MANAGEMENT INC.,:801-14132
104960,BURNHAM ASSET MANAGEMENT CORP,:801-8293
104963,"ANALYTIC INVESTORS, LLC",:801-7082
104983,OPPENHEIMERFUNDS INC,:801-8253
105007,"VONTOBEL ASSET MANAGEMENT, INC.",:801-21953
105028,PERKINS CAPITAL MANAGEMENT INC,:801-22888
105033,GARDNER LEWIS ASSET MANAGEMENT LP,:801-36476
105053,LAWSON KROEKER INVESTMENT MANAGEMENT INC,:801-27034
105080,VAN ECK ASSOCIATES CORP.,:801-21340
105081,"PENN CAPITAL MANAGEMENT COMPANY, LLC",:801-31452
105083,YORKTOWN MANAGEMENT AND RESEARCH CO INC,:801-23441
105086,ARISTON CAPITAL MANAGEMENT CORP,:801-13209
105088,"WEITZ INVESTMENT MANAGEMENT, INC.",:801-18819
105091,MCCORMICK CAPITAL MANAGEMENT,:801-27092
105130,"L. ROY PAPP & ASSOCIATES, LLP",:801-35594
105138,FEDERATED INVESTMENT MANAGEMENT COMPANY,:801-34612
105142,"LOWE, BROCKENBROUGH & COMPANY, INC.",:801-6691
105146,SEI INVESTMENTS MANAGEMENT CORP,:801-24593
105159,"ST. DENIS J. VILLERE & CO., LLC",:801-702
105161,"CONGRESS ASSET MANAGEMENT COMPANY, LLP",:801-23386
105163,WILMINGTON FUNDS MANAGEMENT CORPORATION,:801-22071
105169,PACIFIC LIFE FUND ADVISORS LLC,:801-15057
105176,"SENTRY INVESTMENT MANAGEMENT, L.L.C.",:801-7942
105179,"D.F. DENT AND COMPANY, INC.",:801-11364
105182,"OPTIMUM INVESTMENT ADVISORS, LLC",:801-35773
105201,PANAGORA ASSET MANAGEMENT INC,:801-35497
105203,"THE PACIFIC FINANCIAL GROUP, INC.",:801-18151
105205,PICTET ASSET MANAGEMENT LIMITED,:801-15143
105215,"BTS ASSET MANAGEMENT, INC.",:801-14895
105237,CONCORDE INVESTMENT MANAGEMENT,:801-16625
105247,BLACKROCK FUND ADVISORS,:801-22609
105255,"BOYAR ASSET MANAGEMENT, INC.",:801-19283
105268,CAPITAL GROWTH MANAGEMENT LTD PARTNERSHIP,:801-35935
105276,SOUTHEASTERN ASSET MANAGEMENT INC.,:801-11123
105281,JENSEN INVESTMENT MANAGEMENT INC.,:801-32726
105294,PORTFOLIOS INC,:801-8072
105297,GE ASSET MANAGEMENT INCORPORATED,:801-31947
105323,WASMER SCHROEDER,:801-32554
105360,"INVESCO ADVISERS, INC.",:801-33949
105367,MONETTA FINANCIAL SERVICES INC,:801-21477
105376,"MILES CAPITAL, INC.",:801-17430
105377,"LOOMIS, SAYLES & COMPANY, L.P.",:801-170
105390,MACQUARIE INVESTMENT MANAGEMENT BUSINESS TRUST,:801-32108
105399,MARVIN & PALMER ASSOCIATES,:801-27724
105404,"BRANDES INVESTMENT PARTNERS, LP",:801-24896
105412,PEARL MANAGEMENT COMPANY,:801-8868
105421,OSTERWEIS CAPITAL MANAGEMENT,:801-18395
105444,THE EDGAR LOMAX COMPANY,:801-19358
105454,AMERICAN FUND ADVISORS INC,:801-14138
105466,"BECK, MACK & OLIVER LLC",:801-482
105471,OBERWEIS ASSET MANAGEMENT INC,:801-35657
105477,GUGGENHEIM INVESTMENTS,:801-8008
105496,"T. ROWE PRICE ASSOCIATES, INC.",:801-856
105508,"SCHARF INVESTMENTS, LLC",:801-18799
105512,"CALVERT INVESTMENT MANAGEMENT, INC.",:801-17044
105516,PRIMECAP MANAGEMENT CO,:801-19765
105519,BARROW HANLEY GLOBAL INVESTORS,:801-31237
105552,"AMERICAN BEACON ADVISORS, INC.",:801-29198
105556,RAINIER INVESTMENT MANAGEMENT LLC,:801-35638
105561,CROFT LEOMINSTER INC,:801-32380
105588,AQUILA INVESTMENT MANAGEMENT LLC,:801-22119
105616,THE BOSTON COMPANY ASSET MANAGEMENT LLC,:801-6829
105633,"BROWN CAPITAL MANAGEMENT, LLC",:801-19287
105641,PRINCIPAL MANAGEMENT CORP,:801-8144
105642,"BNY MELLON INVESTMENT ADVISER, INC.",:801-8147
105670,PGIM INVESTMENTS LLC,:801-31104
105675,"EVERENCE CAPITAL MANAGEMENT, INC.",:801-36323
105686,HSBC GLOBAL ASSET MANAGEMENT (USA) INC.,:801-25999
105690,TOCQUEVILLE ASSET MANAGEMENT LP,:801-36209
105710,SHEETS SMITH WEALTH MANAGEMENT,:801-31437
105718,FLIPPIN BRUCE & PORTER INC,:801-24187
105725,"SIT INVESTMENT ASSOCIATES, INC",:801-16350
105726,THOMPSON SIEGEL & WALMSLEY LLC,:801-6273
105728,NEWGATE CAPITAL MANAGEMENT LLC,:801-17465
105734,RUSSELL INVESTMENTS,:801-17141
105757,DRIEHAUS CAPITAL MANAGEMENT LLC,:801-18439
105758,CALAMOS ADVISORS LLC,:801-29688
105764,MELLON,:801-19785
105776,BLACKROCK INSTITUTIONAL MANAGEMENT CORPORATION,:801-13304
105777,FIDUCIARY INTERNATIONAL INC,:801-18352
105778,AMERICAN CENTURY INVESTMENT MANAGEMENT INC,:801-8174
105780,"NORTHERN TRUST INVESTMENTS, INCORPORATED",:801-33358
105790,"JOHN HANCOCK INVESTMENT MANAGEMENT, LLC",:801-8124
105794,"MEEDER ASSET MANAGEMENT, INC.",:801-9839
105818,TORRAY LLC,:801-8629
105826,LEUTHOLD WEEDEN CAPITAL MANAGEMENT,:801-30686
105879,DANA INVESTMENT ADVISORS INC,:801-14828
105890,MORRIS CAPITAL ADVISORS INC,:801-48262
105907,KLINGENSTEIN FIELDS ADVISORS,:801-33347
105926,PINEBRIDGE INVESTMENTS LLC,:801-18759
105938,SIMMS CAPITAL MANAGEMENT INC,:801-38275
105939,IMS CAPITAL MANAGEMENT,:801-33939
105954,"TURNER INVESTMENTS, L.P.",:801-36220
105958,VANGUARD GROUP INC,:801-11953
105963,"TETON ADVISORS, INC.",:801-47568
105992,"MANNING & NAPIER ADVISORS, LLC",:801-10733
106006,BARINGS LLC,:801-241
106012,"CREDIT SUISSE ASSET MANAGEMENT, LLC",:801-37170
106039,"PREMIS CAPITAL PARTNERS, INC.",:801-46059
106054,"MATTHEWS INTERNATIONAL CAPITAL MANAGEMENT, LLC",:801-52871
106060,"WILBANKS, SMITH & THOMAS ASSET MANAGEMENT, LLC",:801-37972
106070,CLEARBRIDGE ASSET MANAGEMENT INC,:801-32046
106081,WASATCH ADVISORS INC,:801-11095
106093,"POLEN CAPITAL MANAGEMENT, LLC",:801-15180
106098,BROWN ADVISORY,:801-50655
106128,"TURNER INVESTMENT MANAGEMENT, LLC",:801-51306
106165,THOMAS WHITE INTERNATIONAL LTD,:801-41896
106173,"MCKINLEY CAPITAL MANAGEMENT, LLC",:801-38751
106178,PROSPECT ASSET MANAGEMENT INC,:801-47749
106189,VICTORY CAPITAL MANAGEMENT INC.,:801-46878
106199,"GRIMALDI PORTFOLIO SOLUTIONS, INC",:801-51163
106201,SECURITY CAPITAL RESEARCH & MANAGEMENT INCORPORATED,:801-53815
106204,KINETICS ASSET MANAGEMENT LLC,:801-52581
106207,IGNIS INVESTMENT SERVICES LIMITED,:801-48185
106220,GRANTHAM MAYO VAN OTTERLOO & CO LLC,:801-15028
106266,COHEN & STEERS CAPITAL MANAGEMENT INC.,:801-27721
106275,FRANKLIN STREET ADVISORS INC.,:801-39635
106277,FEDERATED GLOBAL INVESTMENT MANAGEMENT CORP.,:801-49470
106278,"POLARIS CAPITAL MANAGEMENT, LLC",:801-43216
106282,KALMAR INVESTMENT ADVISERS,:801-53608
106288,MORGAN DEMPSEY CAPITAL MANAGEMENT LLC,:801-48064
106289,"COMPASS ASSET MANAGEMENT, LLC",:801-53805
106297,"SEMPER CAPITAL MANAGEMENT, L.P.",:801-42753
106301,SMITH GROUP ASSET MANAGEMENT,:801-50835
106304,TOEWS CORPORATION,:801-47765
106336,"WBI INVESTMENTS, INC.",:801-22873
106338,MITCHELL CAPITAL MANAGEMENT CO,:801-29318
106343,WADDELL & REED INVESTMENTS,:801-40372
106356,"SKYLINE ASSET MANAGEMENT, L.P.",:801-49603
106357,THORNBURG INVESTMENT MANAGEMENT INC,:801-17853
106398,FCI ADVISORS,:801-48195
106430,GLOBALT INC,:801-38123
106432,"REINHART PARTNERS, INC.",:801-40278
106451,NIEMANN CAPITAL MANAGEMENT INC,:801-39734
106466,BMO ASSET MANAGEMENT CORP.,:801-35533
106482,DIMENSIONAL FUND ADVISORS LP,:801-16283
106494,VOYA INVESTMENT MANAGEMENT CO. LLC,:801-9046
106505,SEGALL BRYANT & HAMILL,:801-47232
106516,"SNOW CAPITAL MANAGEMENT, L.P.",:801-37238
106523,MUTUAL OF AMERICA CAPITAL MANAGEMENT LLC,:801-43897
106546,TCW INVESTMENT MANAGEMENT COMPANY LLC,:801-29075
106584,SAROFIM FAYEZ & CO,:801-1725
106585,SCHRODER INVESTMENT MANAGEMENT NORTH AMERICA LTD,:801-37163
106595,WELLINGTON MANAGEMENT COMPANY LLP,:801-15908
106609,ACADIAN ASSET MANAGEMENT,:801-28078
106614,"BLACKROCK ADVISORS, LLC",:801-47710
106616,SPARROW CAPITAL MANAGEMENT INC,:801-42906
106629,"PUTNAM INVESTMENT MANAGEMENT, LLC",:801-7974
106647,EDGEWOOD MANAGEMENT LLC,:801-9970
106654,THE LONDON COMPANY OF VIRGINIA,:801-46604
106682,IRON FINANCIAL LLC,:801-46417
106687,EII REALTY SECURITIES INC,:801-44099
106705,"W.E. DONOGHUE & CO., INC",:801-27959
106746,DISCIPLINED GROWTH INVESTORS INC,:801-53297
106750,"FRED ALGER MANAGEMENT, LLC",:801-6709
106753,"CHARLES SCHWAB INVESTMENT MANAGEMENT, INC",:801-35905
106783,"NEEDHAM INVESTMENT MANAGEMENT, LLC",:801-50449
106793,"OAKTREE CAPITAL MANAGEMENT, L.P.",:801-48923
106800,"NATIXIS ADVISORS, L.P.",:801-48408
106810,MUNDER CAPITAL MANAGEMENT,:801-48394
106838,UBS ASSET MANAGEMENT (AMERICAS) INC.,:801-34910
106847,PZENA INVESTMENT MANAGEMENT LLC,:801-50838
106863,ARTIO GLOBAL MANAGEMENT LLC,:801-18766
106909,"WILMINGTON TRUST INVESTMENT ADVISORS, INC.",:801-50883
106924,DERBY AND COMPANY INC,:801-30056
106928,BRADLEY FOSTER & SARGENT INC,:801-46616
106951,HOWARD CAPITAL MANAGEMENT,:801-10188
106960,HARRIS ASSOCIATES LP,:801-50333
106962,PACIFIC GLOBAL INVESTMENT MANAGEMENT CO,:801-41668
106974,PENNANT MANAGEMENT INC,:801-49007
106982,"VIRTUS INVESTMENT ADVISERS, INC.",:801-5995
107010,KOPP INVESTMENT ADVISORS,:801-36574
107027,FIRST TRUST ADVISORS LP,:801-39950
107028,TOUCHSTONE ADVISORS INC,:801-45963
107033,FULLER & THALER ASSET MANAGEMENT INC,:801-43915
107038,J.P. MORGAN ASSET MANAGEMENT,:801-21011
107046,HOLLAND & CO LLC,:801-49394
107049,"LATEEF INVESTMENT MANAGEMENT, LP.",:801-9747
107058,CHECK CAPITAL MANAGEMENT INC,:801-29001
107063,ROANOKE ASSET MANAGEMENT CORP,:801-13857
107066,"OAK RIDGE INVESTMENTS, LLC",:801-35529
107149,INSTITUTIONAL CAPITAL LLC,:801-40779
107157,"TEACHERS ADVISORS, LLC",:801-46887
107158,GAMBLE JONES INVESTMENT COUNSEL,:801-36855
107160,PAYDEN & RYGEL,:801-19762
107173,RBC GLOBAL ASSET MANAGEMENT (U.S.) INC.,:801-20303
107175,BERKSHIRE CAPITAL HOLDINGS INC,:801-53149
107177,"MERITAGE PORTFOLIO MANAGEMENT, INC.",:801-39348
282308,MISAKI CAPITAL INC.,:801-107205
123793,"FINANCIAL PLANS & STRATEGIES, INC.",:801-107206
107213,"ENSEMBLE CAPITAL MANAGEMENT, LLC",:801-54850
107214,"WHV INVESTMENTS, INC.",:801-46131
107225,FBR FUND ADVISERS INC,:801-53320
107242,AMERISTOCK CORPORATION,:801-49716
107269,PPM AMERICA INC,:801-40783
107272,"GREAT-WEST CAPITAL MANAGEMENT, LLC",:801-52309
107275,PINNACLE ADVISORS LLC,:801-53493
107293,DENVER INVESTMENTS,:801-47933
107296,DUFF & PHELPS INVESTMENT MANAGEMENT CO.,:801-14813
107300,JANUS HENDERSON INVESTORS,:801-47202
107302,ABERDEEN ASSET MANAGEMENT INVESTMENT SERVICES LIMITED,:801-12880
107303,UPRIGHT FINANCIAL CORP,:801-38340
107310,"PEKIN HARDY STRAUSS, INC.",:801-35684
107312,"BRIGHTHOUSE INVESTMENT ADVISERS, LLC",:801-47459
107319,"TRANSAMERICA RETIREMENT ADVISORS, LLC",:801-42910
107325,300 NORTH CAPITAL,:801-47993
107338,"SUNAMERICA ASSET MANAGEMENT, LLC",:801-19813
107342,FISHER INVESTMENTS,:801-29362
107344,TRENT CAPITAL MANAGEMENT INC,:801-34570
107346,"VIRTUS FUND ADVISERS, LLC",:801-23163
107351,VOLUMETRIC ADVISERS,:801-23767
107376,"TRANSAMERICA ASSET MANAGEMENT, INC.",:801-53319
107382,ADELANTE CAPITAL MANAGEMENT LLC,:801-48599
107387,"HUDSON VALLEY INVESTMENT ADVISORS, INC.",:801-48913
107408,MATRIX ASSET ADVISORS INC,:801-36872
107420,FRONTEGRA ASSET MANAGEMENT INC,:801-52123
107432,MONDRIAN INVESTMENT PARTNERS LIMITED,:801-37702
107445,ALLIANCEBERNSTEIN CORPORATION,:801-39910
107469,"METROPOLITAN WEST CAPITAL MANAGEMENT, LLC",:801-57001
107472,DIMENSIONAL FUND ADVISORS LTD,:801-40136
107494,LGM INVESTMENTS,:801-40889
107517,SYM FINANCIAL ADVISORS,:801-23944
107528,OHIO NATIONAL INVESTMENTS INC,:801-51396
107545,THIRD AVENUE MANAGEMENT LLC,:801-27792
107560,M CAPITAL ADVISORS,:801-43315
107568,NAVELLIER & ASSOCIATES INC,:801-30582
107674,"JACOBS & COMPANY, LLC",:801-12012
107687,CALLAN,:801-9219
107689,ROYCE INVESTMENT PARTNERS,:801-8268
283580,FIREBOLT VENTURES,:802-107707
107711,"REYNOLDS CAPITAL MANAGEMENT, LLC",:801-23561
107715,GOLDMAN SACHS ASSET MANAGEMENT INTERNATIONAL,:801-38157
107719,"AMUNDI ASSET MANAGEMENT US, INC.",:801-8255
107738,"GOLDMAN SACHS ASSET MANAGEMENT, L.P.",:801-37591
107808,"BOYD WATTERSON ASSET MANAGEMENT, LLC",:801-57468
107811,TFS CAPITAL LLC,:801-56947
283871,"BERNARD & JOHNSON, LLC",:801-107820
107831,IVY ASSET MANAGEMENT LLC,:801-45776
107852,CORNERCAP INVESTMENT COUNSEL INC,:801-36918
107853,ROOSEVELT INVESTMENTS,:801-38824
107855,"COLUMBIA PARTNERS, L.L.C. INVESTMENT MANAGEMENT",:801-50156
107866,HENSSLER FINANCIAL,:801-55444
107890,"LEAVELL INVESTMENT MANAGEMENT, INC.",:801-14752
107911,CRAMER ROSENTHAL MCGLYNN LLC,:801-55244
107923,TATTERSALL ADVISORY GROUP INC,:801-56667
107927,VIKING FUND MANAGEMENT LLC,:801-56605
107935,EMERALD ASSET ADVISORS LLC,:801-56946
107952,PARK PLACE CAPITAL CORPORATION,:801-32593
107971,AIS CAPITAL MANAGEMENT L.P.,:801-43295
107975,"BRINKER CAPITAL INVESTMENTS, LLC.",:801-57265
107980,AUXIER ASSET MANAGEMENT,:801-55757
107987,"FAIRHOLME CAPITAL MANAGEMENT, L.L.C.",:801-54831
108014,"NAKOMA CAPITAL MANAGEMENT, LLC",:801-57752
108028,BRIDGES INVESTMENT MANAGEMENT INC,:801-57056
126748,"CAPITAL ADVISORS, LLC",:801-108032
108042,BISHOP STREET CAPITAL MANAGEMENT,:801-57217
108045,HANSON & DOREMUS INVESTMENT MANAGEMENT,:801-55412
108049,ALLIANZ GLOBAL INVESTORS FUND MANAGEMENT LLC,:801-57798
108050,"VALMARK ADVISERS, INC.",:801-55564
108074,RIVERBRIDGE,:801-57432
108076,CARDINAL CAPITAL MANAGEMENT INC,:801-40703
108107,PERSIMMON CAPITAL MANAGEMENT LP,:801-56210
108143,WESTPORT ADVISERS LLC,:801-54967
108165,"GLENMEDE INVESTMENT MANAGEMENT, LP",:801-57826
108170,MARCO INVESTMENT MANAGEMENT LLC,:801-55605
108208,INVESTMENT RESEARCH CORP,:801-8599
108211,"ARIEL INVESTMENTS, LLC",:801-18767
108214,"NORTHEAST MANAGEMENT & RESEARCH CO., INC.",:801-15415
108236,CAPITAL GUARDIAN TRUST COMPANY,:801-60145
108237,MIDAS MANAGEMENT CORPORATION,:801-49079
108240,"UNION INVESTMENT ADVISORS, INC",:801-60008
108254,ADVISORY RESEARCH INC,:801-14172
108255,MOUNT LUCAS MANAGEMENT LP,:801-28254
108257,"COLUMBIA MANAGEMENT INVESTMENT ADVISERS, LLC",:801-25943
108260,"FIRST EAGLE INVESTMENT MANAGEMENT, LLC",:801-50659
108268,"ICON ADVISERS, INC.",:801-38868
108281,FIDELITY MANAGEMENT & RESEARCH COMPANY LLC,:801-7884
108344,SMH CAPITAL ADVISORS LLC,:801-54089
108345,BEAUMONT FINANCIAL PARTNERS LLC,:801-57100
284858,EMERALD TECHNOLOGY VENTURES AG,:802-108357
108383,BELL INVESTMENT ADVISORS INC,:801-56417
108392,BADGLEY PHELPS WEALTH MANAGERS,:801-9075
108425,"EMPIRIC ADVISORS, INC.",:801-31075
284615,"SEMILLERO ADVISORS, LLC",:802-108443
108468,DDJ CAPITAL MANAGEMENT LLC,:801-55001
108477,ALLIANCEBERNSTEIN L.P.,:801-56720
108488,"TRANSAMERICA INVESTMENT MANAGEMENT, LLC",:801-57089
108516,INTREPID CAPITAL MANAGEMENT INC,:801-47894
108517,"AFAM CAPITAL, INC.",:801-30528
285251,"MOUNTAIN PEAK WEALTH ADVISORS, LLC",:801-108534
108542,"SKBA CAPITAL MANAGEMENT, LLC",:801-56391
108561,ALM FIRST FINANCIAL ADVISORS LLC,:801-57980
108604,LADENBURG THALMANN ASSET MANAGEMENT INC,:801-54909
283613,"SOMA EQUITY PARTNERS, LP",:801-108610
108617,"FMR CO., INC.",:801-3447
108618,RNC GENTER CAPITAL MANAGEMENT,:801-55484
108633,AEW CAPITAL MANAGEMENT LP,:801-53421
108674,DAVIS SELECTED ADVISERS LP,:801-31648
108716,VALUE TREND CAPITAL MANAGEMENT LP,:801-56657
108780,BRAGG FINANCIAL ADVISORS INC,:801-56890
108784,ZWEIG ADVISERS LLC,:801-56470
108805,COLDSTREAM WEALTH MANAGEMENT,:801-39379
108832,ROXBURY CAPITAL MANAGEMENT LLC,:801-55521
108847,SCHNEIDER CAPITAL MANAGEMENT CORP.,:801-55439
108849,"BOGLE INVESTMENT MANAGEMENT, L.P.",:801-56815
108870,"METZLER-PAYDEN, LLC",:801-55721
108874,OAK ASSOCIATES LTD,:801-23632
108893,"LOGAN CAPITAL MANAGEMENT, INC.",:801-45536
108928,"BLACKROCK INVESTMENT MANAGEMENT, LLC",:801-56972
108936,GRISANTI CAPITAL MANAGEMENT LLC,:801-56602
108961,MH INVESTMENT MANAGEMENT INC,:801-55917
286239,GOODVEST LLC,:801-108981
108991,LINDBERGH CAPITAL MANAGEMENT INC,:801-68828
109002,"PRINCIPAL GLOBAL INVESTORS, LLC",:801-55959
109018,"ASSETMARK, INC.",:801-56323
109077,AXA ROSENBERG INVESTMENT MANAGEMENT LLC,:801-56080
109104,"EDGEMOOR INVESTMENT ADVISORS, INC.",:801-56945
109138,"VANTAGEPOINT INVESTMENT ADVISERS, LLC",:801-56223
109139,THB ASSET MANAGEMENT,:801-54432
109149,"FIDUCIARY MANAGEMENT, INC.",:801-15164
109168,MARKETOCRACY CAPITAL MANAGEMENT LLC,:801-57974
109169,BRYCE CAPITAL MANAGEMENT LLC,:801-58117
109192,"WELLS FARGO ASSET MANAGEMENT (INTERNATIONAL), LLC",:801-42427
109193,"FORWARD MANAGEMENT, LLC",:801-55746
109194,"FUNDX INVESTMENT GROUP, LLC",:801-54793
109218,CHINOOK CAPITAL MANAGEMENT LLC,:801-54733
109242,"AKRE CAPITAL MANAGEMENT, LLC",:801-57156
109250,"MARSICO CAPITAL MANAGEMENT, LLC",:801-54914
109261,STONERIDGE INVESTMENT PARTNERS,:801-56755
109355,"MDT ADVISERS, A DIVISION OF FEDERATED MDTA LLC",:801-55094
109366,"ALPHAMARK ADVISORS, LLC",:801-58156
109368,"COMMUNITY CAPITAL MANAGEMENT, INC.",:801-56201
109383,NORTHPOINTE CAPITAL LLC,:801-57064
109391,NATIONWIDE FUND ADVISORS,:801-56370
109396,"SENTINEL ASSET MANAGEMENT, INC.",:801-57721
109400,HUSSMAN STRATEGIC ADVISORS INC,:801-57572
109440,CAPITAL MORTGAGE MANAGEMENT INC,:801-54791
109474,FORESTER CAPITAL MANAGEMENT LTD,:801-56631
109481,"AVIVA INVESTORS NORTH AMERICA, INC.",:801-56466
109491,"DESCHUTES INVESTMENT ADVISORS, INC.",:801-54665
109505,DOMINI IMPACT INVESTMENTS LLC,:801-54701
109520,"PIEDMONT INVESTMENT ADVISORS, LLC",:801-58025
109528,"MAINSTAY CAPITAL MANAGEMENT, LLC",:801-58099
109550,"HIGHMARK CAPITAL MANAGEMENT, INC.",:801-55718
109552,HORIZON INVESTMENTS LLC,:801-57316
109580,OSTERWEIS CAPITAL MANAGEMENT,:801-54360
109582,NORTHCOAST ASSET MANAGEMENT LLC,:801-57294
109585,PROFUND ADVISORS LLC,:801-54760
109591,NEW YORK LIFE INVESTMENT MANAGEMENT LLC,:801-57396
109596,RREEF AMERICA L.L.C.,:801-55209
109623,"HESTER CAPITAL MANAGEMENT, L.L.C.",:801-55267
109644,"CIBC PRIVATE WEALTH ADVISORS, INC.",:801-57986
109662,"ENVESTNET PORTFOLIO SOLUTIONS, INC.",:801-43579
109664,MANARIN INVESTMENT COUNSEL LTD,:801-19624
109667,WADE FINANCIAL GROUP INC,:801-47676
109689,BROWN FINANCIAL ADVISORY INC,:801-56501
109712,COMMONWEALTH CAPITAL MANAGEMENT LLC,:801-60040
109767,"CONTRAVISORY INVESTMENT MANAGEMENT, INC.",:801-9168
109807,"MAI CAPITAL MANAGEMENT, LLC",:801-58104
109811,FIM GROUP,:801-33001
109844,ALPHA ANALYTICS INVESTMENT GROUP LLC,:801-113041
109845,RE ADVISERS CORPORATION,:801-37391
109865,"CUPPS CAPITAL MANAGEMENT, LLC",:801-60017
109876,"ARISTOTLE CAPITAL MANAGEMENT, LLC",:801-60014
109888,TANAKA CAPITAL MANAGEMENT INC,:801-28990
109905,"SECURIAN ASSET MANAGEMENT, INC.",:801-47262
109918,LSV ASSET MANAGEMENT,:801-47689
109930,COMPAK ASSET MANAGEMENT,:801-58081
109933,"ENSENIA WEALTH, LLC",:801-60053
154839,ELWOOD & GOETZ,:801-109935
109945,RENAISSANCE CAPITAL LLC,:801-47147
109986,GEIER ASSET MANAGEMENT INC,:801-56955
110005,LITMAN GREGORY FUND ADVISORS LLC,:801-52710
110023,SPIRIT OF AMERICA MANAGEMENT CORP,:801-54782
110035,AUSTIN ATLANTIC ASSET MANAGEMENT CO.,:801-54963
110045,MFS INVESTMENT MANAGEMENT,:801-17352
110049,"APPLETON PARTNERS, INC.",:801-29384
110080,HODGES CAPITAL MANAGEMENT INC,:801-35811
110088,TD ASSET MANAGEMENT,:801-50261
110093,LUTHER KING CAPITAL MANAGEMENT CORPORATION,:801-14458
110096,HILLMAN CAPITAL MANAGEMENT INC,:801-57921
110107,"KERNS CAPITAL MANAGEMENT, INC.",:801-57482
110118,PROVIDENT TRUST COMPANY,:801-58213
110126,"HIGHLAND CAPITAL MANAGEMENT, L.P.",:801-54874
110153,"IRONBRIDGE CAPITAL MANAGEMENT, LP",:801-57534
110166,FISCHER FRANCIS TREES & WATTS UK LIMITED,:801-71466
110181,BROWN ADVISORY,:801-38826
110194,WINCH FINANCIAL,:801-55488
284801,FOLIUM CAPITAL LP,:801-110247
110257,"COLONIAL TRUST ADVISORS, INC.",:801-53402
110269,WESTWOOD MANAGEMENT CORP,:801-18727
110271,CRAWFORD INVESTMENT COUNSEL INC,:801-15563
110291,AMI ASSET MANAGEMENT CORP,:801-47318
110294,PROFIT INVESTMENTS,:801-52528
110296,BAILLIE GIFFORD OVERSEAS LTD,:801-21051
110324,QCI ASSET MANAGEMENT INC,:801-12815
110351,MAIRS & POWER,:801-2731
110353,MORGAN STANLEY INVESTMENT MANAGEMENT INC.,:801-15757
110391,"LORD, ABBETT & CO. LLC",:801-6997
110394,"WISCONSIN CAPITAL MANAGEMENT, LLC",:801-53829
110400,"HORIZON CAPITAL MANAGEMENT, INC.",:801-26038
110407,WESTON FINANCIAL,:801-18403
110425,"MATSON MONEY, INC.",:801-40176
110430,FRONTIER INVESTMENT MANAGEMENT CO,:801-36925
110433,JAMES INVESTMENT RESEARCH INC,:801-12359
110441,WESTERN ASSET MANAGEMENT COMPANY,:801-8162
110457,"BEECH HILL ADVISORS, INC",:801-31503
110458,GAM USA INC.,:801-35671
110489,"BECKER CAPITAL MANAGEMENT, INC.",:801-11781
110497,BROOKFIELD PUBLIC SECURITIES GROUP LLC,:801-34605
110533,"CAPITAL ONE ASSET MANAGEMENT, LLC",:801-60234
110550,"BAILARD, INC.",:801-8562
110552,"DAVIDSON INVESTMENT ADVISORS, INC.",:801-10883
148832,OAK WEALTH ADVISORS LLC,:801-110588
110590,"M.D. SASS INVESTORS SERVICES, INC.",:801-8663
110619,CLEARBRIDGE INVESTMENTS,:801-18115
110632,"MILLER VALUE PARTNERS, LLC",:801-56989
110638,DIAMOND HILL CAPITAL MANAGEMENT INC,:801-32176
110653,EAGLE ASSET MANAGEMENT INC,:801-21343
110658,FCA CORP,:801-20514
110667,"GOLDEN CAPITAL MANAGEMENT, LLC",:801-57973
110670,GAM INTERNATIONAL MANAGEMENT LIMITED,:801-22307
110729,COOKSON PEIRCE WEALTH MANAGEMENT,:801-21341
110750,"CMG CAPITAL MANAGEMENT GROUP, INC.",:801-43455
110757,"GREAT LAKES ADVISORS, LLC",:801-16937
110767,ADVANCE CAPITAL MANAGEMENT INC,:801-28092
110770,"HENNESSY ADVISORS, INC.",:801-36288
110774,"CAVANAL HILL INVESTMENT MANAGEMENT, INC.",:801-60138
110785,FREEDOM FUNDS MANAGEMENT CO,:801-28640
110787,MUHLENKAMP & CO INC,:801-16476
110789,"BAMCO, INC.",:801-29080
110802,PSA FINANCIAL ADVISORS INC,:801-56821
110806,"RAMIUS ADVISORS, LLC",:801-54785
110841,"WELLS FARGO FUNDS MANAGEMENT, LLC",:801-58237
110862,TOWLE & CO,:801-16622
110879,AB CUSTOM ALTERNATIVE SOLUTIONS LLC,:801-60159
110885,CAPITAL RESEARCH AND MANAGEMENT COMPANY,:801-8055
110897,"ZACKS INVESTMENT MANAGEMENT, INC.",:801-40592
110901,TRILLIUM ASSET MANAGEMENT,:801-17958
110908,CORNERSTONE ADVISORS INC,:801-20509
110926,COPLEY FINANCIAL SERVICES CORP,:801-13834
110933,"ACR ALPINE CAPITAL RESEARCH, LLC",:801-60694
110946,"FENIMORE ASSET MANAGEMENT, INC.",:801-10429
165370,STAR AMERICA INFRASTRUCTURE PARTNERS,:801-110957
111069,ABERDEEN STANDARD INVESTMENTS INC.,:801-49966
111079,"JACKSON NATIONAL ASSET MANAGEMENT, LLC",:801-58171
111085,INTERNATIONAL STRATEGY & INVESTMENT INC,:801-38408
111087,"KORNITZER CAPITAL MANAGEMENT, INC.",:801-34933
111091,"VOYA INVESTMENTS, LLC",:801-48282
111097,"U.S. GLOBAL INVESTORS, INC.",:801-4868
111167,"ALLWORTH FINANCIAL, L.P.",:801-68255
111168,"COLUMBIA WANGER ASSET MANAGEMENT, LLC",:801-41391
111231,BROWN BROTHERS HARRIMAN MUTUAL FUND ADVISORY DEPARTMENT,:801-60256
111242,"SSGA FUNDS MANAGEMENT, INC.",:801-60103
111266,BOSTON TRUST WALDEN INC.,:801-60136
111291,"AZZAD ASSET MANAGEMENT, INC.",:801-57871
111295,"SAND HILL GLOBAL ADVISORS, LLC",:801-58002
111335,"COHO PARTNERS, LTD.",:801-60111
111360,FRANKLIN TEMPLETON INVESTMENT MANAGEMENT LIMITED,:801-55170
111361,"FRANKLIN ADVISORY SERVICES, LLC",:801-51967
111370,"TEMPLETON INVESTMENT COUNSEL, LLC",:801-15125
111376,"FRANKLIN MUTUAL ADVISERS, LLC",:801-53068
111382,TEMPLETON ASSET MANAGEMENT LTD.,:801-46997
111383,TEMPLETON GLOBAL ADVISORS LIMITED,:801-42343
111441,"BRIDGEWAY CAPITAL MANAGEMENT, LLC",:801-44394
111447,STONEBRIDGE CAPITAL ADVISORS LLC,:801-53760
111452,"RATIONAL ADVISORS, INC.",:801-60176
111494,"BROADVIEW ADVISORS, LLC",:801-60114
111503,"PENTEGRA INVESTORS, INC.",:801-36893
111587,AEGIS FINANCIAL CORPORATION,:801-46901
111588,DREMAN VALUE MANAGEMENT LLC,:801-54255
111607,ADHIA INVESTMENT ADVISORS INC.,:802-76541
111623,PERRITT CAPITAL MANAGEMENT INC,:801-30378
111694,ENVESTNET PMC,:801-57260
289819,"BRONZE CAPITAL MANAGEMENT, LLC",:802-111726
289885,"TWIN OAKS FUND MANAGEMENT, LLC",:802-111737
111743,BRINKER CAPITAL INC,:801-30504
111750,"CONESTOGA CAPITAL ADVISORS, LLC",:801-60133
111759,"CITY NATIONAL ASSET MANAGEMENT, INC.",:801-60150
111787,"SCOUT INVESTMENTS, INC.",:801-60188
111845,"AVENUE CAPITAL MANAGEMENT II, L.P.",:801-57734
111861,LWI FINANCIAL INC.,:801-55934
111883,"AQR CAPITAL MANAGEMENT, LLC",:801-55543
111907,WESBANCO INVESTMENT DEPARTMENT,:801-60151
111912,"U.S. BANCORP ASSET MANAGEMENT, INC.",:801-60125
112006,JACOB ASSET MANAGEMENT OF NEW YORK LLC,:801-56730
112021,"SARATOGA CAPITAL MANAGEMENT,LLC",:801-46534
112077,HENDERSON INVESTMENT MANAGEMENT LTD.,:801-55577
112192,"SHENKMAN CAPITAL MANAGEMENT, INC.",:801-25180
112215,BESSEMER INVESTMENT MANAGEMENT LLC,:801-60185
112319,GUIDESTONE CAPITAL MANAGEMENT,:801-60303
112322,"REAL ESTATE MANAGEMENT SERVICES GROUP, LLC",:801-61061
112324,ASSET MANAGEMENT GROUP OF BANK OF HAWAII,:801-60203
112338,BARTLETT & CO,:801-21
112379,SOUND SHORE MANAGEMENT INC,:801-13549
112441,ALLIED ASSET ADVISORS INC,:801-57323
112442,GREEN CENTURY CAPITAL MANAGEMENT INC,:801-39630
112487,ORRELL CAPITAL MANAGEMENT,:801-38997
112496,"ALPINE WOODS CAPITAL INVESTORS, LLC",:801-55110
112526,"RAFFERTY ASSET MANAGEMENT, LLC",:801-54679
112528,"TRIBUTARY CAPITAL MANAGEMENT, LLC",:801-60282
112551,ASHMORE INVESTMENT MANAGEMENT LTD,:801-55109
112554,"NORTH COUNTRY INVESTMENT ADVISERS, INC.",:801-58290
112572,MOHAWK ASSET MANAGEMENT INC,:801-57042
112608,"STADION MONEY MANAGEMENT, LLC",:801-45601
112613,BANK OF AMERICA CAPITAL ADVISORS LLC,:801-60464
112629,"PARKWAY ADVISORS, L.P.",:801-60265
112738,CITIZENS INVESTMENT ADVISORS,:801-60253
292107,MATRIX ADVISORY,:801-112865
113042,"HARBOR CAPITAL ADVISORS, INC.",:801-60367
113086,"FIRST ASSOCIATED INVESTMENT ADVISORS, INC.",:801-60972
113128,"CULLEN CAPITAL MANAGEMENT, LLC",:801-57576
113224,"SATUIT CAPITAL MANAGEMENT, LLC",:801-57862
113308,CAUSEWAY CAPITAL MANAGEMENT LLC,:801-60343
113358,"WATER ISLAND CAPITAL, LLC",:801-57341
113360,"CROSSMARK GLOBAL INVESTMENTS, INC.",:801-17695
113441,"ROBECOSAM USA, INC.",:801-68013
113609,DSM CAPITAL PARTNERS,:801-60423
113638,FIERA CAPITAL INC.,:801-8948
113859,"COOKE & BIELER, L.P.",:801-60411
113918,EMERALD RESEARCH CORP.,:801-60455
113972,STANDISH,:801-60527
114052,"STATETRUST CAPITAL, LLC.",:801-60478
114057,"ROUMELL ASSET MANAGEMENT, LLC",:801-60837
114085,"MASON STREET ADVISORS, LLC",:801-60721
114102,HORIZON WEALTH ADVISORS,:801-61731
114114,"QUAKER FUNDS, INC.",:801-60603
114193,"JONES VILLALTA ASSET MANAGEMENT, LLC",:801-66485
114335,IMPAX ASSET MANAGEMENT LLC,:801-8517
114439,"AMERICAN TRUST INVESTMENT ADVISORS, LLC",:801-60454
114502,INTERSTATE ASSET ADVISORS,:INTERSTATE+ASSET+ADVISORS
114649,"HOTCHKIS AND WILEY CAPITAL MANAGEMENT, LLC",:801-60512
115015,"GREENWOOD CAPITAL ASSOCIATES, LLC",:801-60493
115060,MCMORGAN & COMPANY LLC,:801-60509
115093,"CAMBIAR INVESTORS, LLC",:801-60541
115357,"AMERICAN MONEY MANAGEMENT, LLC",:801-60976
115494,INVESTMENT RESEARCH CORPORATION,:INVESTMENT+RESEARCH+CORPORATION
115504,"GEODE CAPITAL MANAGEMENT, LLC",:801-61117
115785,THRIVENT FINANCIAL FOR LUTHERANS,:801-60701
115961,INTEGRITY PROSPERITY SECURITY (IPS) STRATEGIC CAPITAL,:801-107321
116176,"WELLESLEY ASSET MANAGEMENT, INC.",:801-61288
116197,"CHADWICK & D'AMATO, LLC",:801-62604
116360,ALLIANT WEALTH ADVISORS,:801-110601
116379,INVESTMENT COUNSELORS OF MARYLAND,:801-60824
116449,PHILADELPHIA INTERNATIONAL ADVISORS LP,:801-60785
117048,"OSBORN ROHS WILLIAMS & DONOHOE, LLC",:801-60689
117050,MORGAN STANLEY AIP GP LP,:801-60699
117054,"JOHNSON INVESTMENT COUNSEL, INC.",:801-60676
117198,CITY NATIONAL ROCHDALE,:801-27265
117343,"ALSIN CAPITAL MANAGEMENT, INC.",:801-61366
117384,"FRANKLIN TEMPLETON INSTITUTIONAL, LLC",:801-60684
117681,NORTH STAR INVESTMENT MANAGEMENT CORPORATION,:801-62013
117743,"HIGH POINTE CAPITAL MANAGEMENT, LLC",:801-61446
117773,ARDEN ASSET MANAGEMENT LLC,:801-61080
117808,"STEBEN & COMPANY, LLC",:8-53614
118077,"WINNING POINTS ADVISORS, L.L.C.",:801-78654
118203,361 CAPITAL LLC,:801-60813
118826,"TRUSTMARK INVESTMENT ADVISORS, INC.",:801-60966
118851,"HANLON INVESTMENT MANAGEMENT, INC.",:801-60889
118884,"KELLNER MANAGEMENT, LP",:801-60864
119167,"C.S. MCKEE, L.P.",:801-60927
119209,"THE APPLETON GROUP, LLC",:801-62598
119278,"HAMLIN CAPITAL MANAGEMENT, LLC",:801-60945
310048,"ISA VENTURES FUND MANAGEMENT, LLC",:802-119347
120107,"CHILTON INVESTMENT COMPANY, LLC",:801-62678
120277,"LM CAPITAL GROUP, LLC",:801-61100
120325,"HATTERAS ALTERNATIVE MUTUAL FUNDS, LLC",:801-61090
120572,"HEPBURN CAPITAL MANAGEMENT, LLC",:801-69734
120573,ADAMS ASSET ADVISORS LLC,:801-61797
120642,"ALTAIR ADVISERS, LLC",:801-61138
121348,"PILGRIMS CAPITAL ADVISORS, INC.",":PILGRIMS+CAPITAL+ADVISORS,+INC."
121468,ENTRUSTPERMAL MANAGEMENT LLC,:801-61864
121484,"ABSOLUTE CAPITAL MANAGEMENT, LLC",:801-61336
121629,"GENEVA ADVISORS, LLC",:801-61890
121812,INVESTMENT PARTNERS ASSET MANAGEMENT,:801-61906
121876,"NWQ INVESTMENT MANAGEMENT COMPANY, LLC",:801-61379
121942,"GW&K INVESTMENT MANAGEMENT, LLC",:801-61559
121995,WHITEBOX ADVISORS LLC,:801-65882
122020,"RIVERNORTH CAPITAL MANAGEMENT, LLC",:801-61533
122389,"BERKSHIRE ADVISORS, INC.",:801-61433
122708,INDEX INVESTMENTS LLC,:801-61464
122733,"PHILADELPHIA INVESTMENT PARTNERS, LLC",:801-66682
122833,"SALIENT ADVISORS, L.P.",:801-61449
122836,LAZARD ASSET MANAGEMENT LLC,:801-61701
123381,IVY INVESTMENTS,:801-61515
123499,DOVER INVESTMENT ADVISORY CORPORATION,:801-114388
123525,RMR ADVISORS LLC,:801-62519
123543,ANCHOR CAPITAL,:801-61643
123558,"BOSTON COMMON ASSET MANAGEMENT, LLC",:801-61564
123711,"TORTOISE CAPITAL ADVISORS, L.L.C.",:801-61622
123826,"K2/D&S MANAGEMENT CO., L.L.C.",:801-61852
124313,"ALPHA INVESTMENT MANAGEMENT, INC.",":ALPHA+INVESTMENT+MANAGEMENT,+INC."
124365,"PACIFIC HEIGHTS ASSET MANAGEMENT, LLC",:801-61673
124414,"RANGER INVESTMENT MANAGEMENT,L.P.",:801-62397
124465,"GUINNESS ATKINSON ASSET MANAGEMENT, INC.",:801-61667
124674,ANCORA ADVISORS LLC,:801-61770
124687,NEUBERGER BERMAN INVESTMENT ADVISERS LLC,:801-61757
124982,BOSTON PARTNERS,:801-61786
125004,REGAL INVESTMENT ADVISORS LLC,:801-71923
125121,BERTOLET CAPITAL LLC,:801-61782
125410,RICE HALL JAMES & ASSOCIATES LLC,:801-61905
125680,"CANTERBURY INVESTMENT MANAGEMENT, LLC",:801-61876
125772,"PENSION PARTNERS, LLC",:801-68091
125951,"SARASOTA CAPITAL STRATEGIES,INC.",:801-68409
126236,"HENNION & WALSH ASSET MANAGEMENT, INC.",:801-61977
126825,"JURIKA, MILLS & KEIFER, LLC",:801-112830
126890,"WEGENER, LLC",:801-67223
126928,"SEASCAPE CAPITAL MANAGEMENT,LLC",:801-79293
127065,AURORA INVESTMENT MANAGEMENT L.L.C.,:801-62103
127304,"SHEPHERD KAPLAN KROCHUK, LLC",:801-62286
127325,FORESIGHT ASSET MANAGEMENT,:801-62566
127351,GOOD HARBOR FINANCIAL,:801-71064
127398,"CHICKASAW CAPITAL MANAGEMENT, LLC",:801-62121
127739,"CWC ADVISORS, LLC",:801-62369
127817,FRANK CAPITAL PARTNERS LLC,:801-62245
128040,"FOOTPRINTS ASSET MANAGEMENT & RESEARCH, INC.",:801-62315
128117,"BRISTLECONE VALUE PARTNERS, LLC",:801-81088
128356,"ALPHASIMPLEX GROUP, LLC",:801-62448
128483,"CUTLER INVESTMENT COUNSEL, LLC",:801-62469
128586,"SUMMITRY, LLC",:801-62398
128610,FEDERATED EQUITY MANAGEMENT COMPANY OF PENNSYLVANIA,:801-62501
128611,FEDERATED ADVISORY SERVICES COMPANY,:801-62500
128667,DIVIDEND CAPITAL INVESTMENTS LLC,:801-62453
128734,WEISS CAPITAL MANAGEMENT,:WEISS+CAPITAL+MANAGEMENT
128856,ESTABROOK CAPITAL MANAGEMENT LLC,:801-62452
128990,ZEVENBERGEN CAPITAL INVESTMENTS LLC,:801-62477
129040,"POTKUL CAPITAL MANAGEMENT, LLC",:801-64645
129257,MERITAGE CAPITAL,:801-65011
129288,GUGGENHEIM INVESTMENTS,:801-62515
129398,SIMS CAPITAL MANAGEMENT LLC,:801-67455
129609,"THOMPSON INVESTMENT MANAGEMENT, INC.",:801-62562
129669,"LEXINGTON ASSET MANAGEMENT, INC.",:801-62554
129734,"NCM CAPITAL ADVISERS, INC.",:801-62654
129973,"DIVIDEND ASSETS CAPITAL, LLC",:801-62643
130007,"HAVERFORD FINANCIAL SERVICES, INC.",:801-62759
130023,LISANTI CAPITAL GROWTH LLC,:801-62639
130105,BIONDO INVESTMENT ADVISORS LLC,:801-62775
130282,"CENTURY CAPITAL MANAGEMENT, LLC",:801-62860
130651,"ASCENTIA CAPITAL PARTNERS, LLC",:801-65018
130874,MADISON ASSET MANAGEMENT,:801-62992
130913,"DALTON, GREINER, HARTMAN, MAHER & CO., LLC",:801-62895
130987,ADIRONDACK RESEARCH & MANAGEMENT INC.,:801-63015
131181,"LINCOLN INVESTMENT ADVISERS, LLC",":LINCOLN+INVESTMENT+ADVISERS,+LLC"
131257,"CLOUGH CAPITAL PARTNERS, LP",:801-63142
131394,"CORTINA ASSET MANAGEMENT, LLC",:801-63066
131572,KASE CAPITAL MANAGEMENT,:802-111973
131670,"THE INDEX GROUP, LIMITED LIABILITY COMPANY",:801-66358
131684,NUMERIC INVESTORS LLC,:801-63276
131750,"USA MUTUALS ADVISORS, INC.",:801-63216
131898,"TYGH CAPITAL MANAGEMENT, INC.",:801-63231
132117,"CENTAUR CAPITAL PARTNERS, L.P.",:801-63395
132230,"YIELDQUEST ADVISORS, LLC",:801-64634
132257,"PROGRESS INVESTMENT MANAGEMENT COMPANY, LLC",:801-63324
132372,"HERITAGE ASSET MANAGEMENT, LLC",:801-63512
132416,BOYLE CAPITAL,:801-67954
132436,ABSOLUTE INVESTMENT ADVISERS LLC,:801-63488
132474,"CHAMPLAIN INVESTMENT PARTNERS, LLC",:801-63424
132551,"CHANGING PARAMETERS, LLC",:801-63495
132553,"MUNDOVAL CAPITAL MANAGEMENT, INC.",:801-63477
132694,"TIMESSQUARE CAPITAL MANAGEMENT, LLC",:801-63492
132731,WINDOWPANE ADVISORS L.L.C.,:801-63538
133232,"MANIFOLD FUND ADVISORS, LLC",:801-63953
133370,"1919 INVESTMENT COUNSEL, LLC",:801-63656
133383,"EVERGREEN ASSET MANAGEMENT, LLC",:801-63734
133783,JOULE FINANCIAL,:801-112854
133873,"TRINITY FIDUCIARY PARTNERS, LLC",:801-67457
134012,"STEWART CAPITAL ADVISORS, LLC",:801-64212
134111,MCCONNELL ASSET MANAGEMENT LLC,:801-65392
134249,RMB CAPITAL MANAGEMENT,:801-63939
134332,CAMPBELL & COMPANY INVESTMENT ADVISER LLC,:801-64244
134340,"ALPS ADVISORS, INC.",:801-67135
134574,GIORDANO ASSET MANAGEMENT LLC,:801-64342
135061,"BRC INVESTMENT MANAGEMENT, LLC",:801-64182
135130,EMERALD MUTUAL FUND ADVISERS TRUST,:801-64204
135287,"ASPEN PARTNERS, LTD.",:801-64581
135296,ANCHOR INVESTMENT MANAGEMENT,:801-64338
135405,STERLING CAPITAL MANAGEMENT LLC,:801-64257
135470,PHOCAS FINANCIAL CORPORATION,:801-64317
135601,"WINTERGREEN ADVISERS, LLC",:801-64305
135622,"ZIEGLER CAPITAL MANAGEMENT, LLC",:801-64334
135822,"COPELAND CAPITAL MANAGEMENT, LLC",:801-68586
136150,WEISS MULTI-STRATEGY ADVISERS LLC,:801-71151
136246,"PACIFIC EDGE INVESTMENT MANAGEMENT, LLC",:801-65297
136330,"GPS CAPITAL MANAGEMENT, LLC",:801-64685
136403,ARCHER INVESTMENT CORPORATION,:801-64607
136462,"AON RETIREMENT PLAN ADVISORS, LLC",:801-64559
136481,PARADIGM FUNDS ADVISOR LLC,:801-64574
136531,"RHOADS LUCCA CAPITAL PARTNERS, L.P.",:801-64590
136716,DRAKE CAPITAL ADVISORS LLC,:801-65564
136851,TRAUB CAPITAL MANAGEMENT,:801-70068
136940,CENTRE ASSET MANAGEMENT,:801-66295
137028,"CLEARBRIDGE INVESTMENTS, LLC",:801-64710
137045,USCA ASSET MANAGEMENT LLC,:801-64873
137053,"THE OXFORD PRIVATE CLIENT GROUP, LLC",:801-64694
137177,VAN ECK ABSOLUTE RETURN ADVISERS CORP.,:801-65186
137251,"EM CAPITAL MANAGEMENT, LLC",:801-65860
137441,BULL PATH CAPITAL MANAGEMENT LLC,:801-65532
137463,CONSULTING GROUP ADVISORY SERVICES LLC,:801-64791
137598,"COLLINS CAPITAL INVESTMENTS, LLC",:801-65014
137610,"SANDS CAPITAL MANAGEMENT, LLC",:801-64820
137661,FULCRUM ASSET MANAGEMENT LLP,:801-72206
137682,LARCH LANE ADVISORS LLC,:801-64829
137751,"THRIVENT ASSET MANAGEMENT, LLC",:801-64988
137834,SANDELL ASSET MANAGEMENT CORP.,:801-71398
137872,"SMI ADVISORY SERVICES, LLC",:801-64882
137894,"EQUINOX INSTITUTIONAL ASSET MANAGEMENT, LP",:801-64917
138121,PARKS CAPITAL,:801-65169
138245,GOTTEX FUND MANAGEMENT SARL,:801-66129
138401,"MORGAN CREEK CAPITAL MANAGEMENT, LLC",:801-65690
138613,CRITICAL MATH ADVISORS LLC,:801-65306
138653,J O HAMBRO CAPITAL MANAGEMENT LIMITED,:801-69614
138756,"AMUNDI PIONEER INSTITUTIONAL ASSET MANAGEMENT, INC.",:801-66395
138923,OUTFITTER FINANCIAL CORP.,:801-65346
138960,STONE HARBOR INVESTMENT PARTNERS LP,:801-65397
139083,ACHIEVEMENT ASSET MANAGEMENT LLC,:801-66095
139309,"STRATEGIC GLOBAL ADVISORS, LLC",:801-66360
139488,"FASA, LLC",:801-69056
139652,"ARROW INVESTMENT ADVISORS, LLC",:801-66595
139663,"VERIPAX WEALTH MANAGEMENT, INC.",:801-113371
139671,DAY HAGAN ASSET MANAGEMENT,:801-66337
139675,RAYLOR INVESTMENTS LLC,:801-68653
139708,STRUCTURED INVESTMENT MANAGEMENT,:801-66326
139856,"GALAPAGOS PARTNERS, L.P.",:801-67836
139895,CATALYST CAPITAL ADVISORS LLC,:801-66886
140059,"BOSTON ADVISORS, LLC",:801-66535
140413,"CHESWOLD LANE ASSET MANAGEMENT, LLC",:801-66664
140432,"LEGG MASON PARTNERS FUND ADVISOR, LLC",:801-66785
140486,"WATER OAK ADVISORS, LLC",:801-66872
140649,PERIMETER CAPITAL MANAGEMENT,:801-66782
140743,"CENTURION INVESTMENT PARTNERS, LLC",:801-67329
140792,BRICK ASSET MANAGEMENT INC.,:801-66825
140799,ENERGY INCOME PARTNERS,:801-66907
140963,RS INVESTMENTS,:801-66927
141202,"SCOTIA INSTITUTIONAL INVESTMENTS US, LP",:801-67074
141349,ALLIANZ GLOBAL INVESTORS ADVISORY GMBH,:801-67206
141395,"CEDAR RIDGE PARTNERS, LLC",:801-67094
141417,"OCEANSTONE CAPITAL MANAGEMENT, INC",:801-67071
141575,"WAMBIA CAPITAL MANAGEMENT, LLC",:801-71256
141605,"TRANSWESTERN CAPITAL ADVISORS, LLC",:801-67113
141661,"PINNACLE CAPITAL MANAGEMENT, LLC",:801-67143
141823,"FIRST PACIFIC ADVISORS, LP",:801-67160
141836,"CROW POINT PARTNERS, LLC",:801-67184
141974,"FRONT STREET CAPITAL MANAGEMENT, INC.",:801-68139
142250,GRATIO CAPITAL,:801-68764
142333,"QS LEGG MASON GLOBAL ASSET ALLOCATION, LLC",:801-67287
142610,HAGIN INVESTMENT MANAGEMENT,:801-72950
142633,SPEARS ABACUS ADVISORS LLC,:801-67401
142834,"GS INVESTMENT STRATEGIES, LLC",:801-67443
142949,"LIBERTY STREET ADVISORS, INC.",:801-67698
143013,"PROSPECTOR PARTNERS ASSET MANAGEMENT, LLC",:801-68052
143030,"VISTA RESEARCH AND MANAGEMENT, LLC",:801-67561
143268,"JNF ADVISORS, INC.",:801-67658
143308,MONTIBUS CAPITAL MANAGEMENT LLC.,:801-67620
143336,"ALAMBIC INVESTMENT MANAGEMENT, L.P.",:801-99344
143344,HUBER CAPITAL MANAGEMENT LLC,:801-67634
143456,"CLARKSTON CAPITAL PARTNERS, LLC",:801-67681
143472,"EUDORA ASSET MANAGEMENT, LLC",:801-77025
143478,"CHECCHI CAPITAL ADVISERS, LLC",:801-67727
143567,"SMEAD CAPITAL MANAGEMENT, INC.",:801-67839
143597,GURTIN MUNICIPAL BOND MANAGEMENT,:801-68396
143633,"LOGAN CIRCLE PARTNERS, L.P.",:801-67753
143730,"EQUINOX FUND MANAGEMENT, LLC",:801-67852
143732,"VIRTUS ALTERNATIVE INVESTMENT ADVISERS, INC.",:801-67924
143745,"RIAZZI ASSET MANAGEMENT, LLC",:801-67845
144112,QUANTITATIVE ADVISORS INC,:QUANTITATIVE+ADVISORS+INC
144313,"PROBABILITIES FUND MANAGEMENT, LLC",:801-77947
144482,"KNOWLEDGE LEADERS CAPITAL, LLC",:801-69490
144536,VIRGINIA FINANCIAL INNOVATION CORP.,:801-72101
144554,"COUNTRY FUND MANAGEMENT, A DEPARTMENT OF COUNTRY TRUST BANK",:801-68151
144594,"O'SHAUGHNESSY ASSET MANAGEMENT, LLC",:801-68177
144790,INDEXIQ ADVISORS LLC,:801-68220
144820,ACADEMY ASSET MANAGEMENT LLC,:801-68475
144899,DUPONT CAPITAL MANAGEMENT MARKETING CORPORATION,:8-67681
144931,"PEAK WEALTH OPPORTUNITIES, LLC",:801-68410
144945,"LACERTE CAPITAL ADVISERS, LLC",:801-70634
144996,"WALTHAUSEN & CO., LLC",:801-68321
145041,NEW PATH CAPITAL ADVISORS,:801-70861
145194,"SCHRODER ADVEQ MANAGEMENT US, INC.",:801-69112
145250,POPLAR FOREST CAPITAL LLC,:801-68455
145267,THUNDERSTORM MUTUAL FUNDS LLC,:801-68442
145420,"EQUITYCOMPASS INVESTMENT MANAGEMENT, LLC",:801-69131
145441,GLG INC.,:801-68645
145452,"AMERISRAEL CAPITAL MANAGEMENT, LLC",:801-68479
145628,"PINNACLE FAMILY ADVISORS, LLC",:801-78013
145634,"WRIGHT FUND MANAGEMENT, LLC",:801-68554
145769,"YCG, LLC",:801-68621
145810,TIMPANI CAPITAL MANAGEMENT LLC,:801-68625
145979,"DBLAINE CAPITAL, LLC",:801-68734
145989,"BENNETT GROUP FINANCIAL SERVICES, LLC",:801-68729
146105,"INTERNATIONAL VALUE ADVISERS, LLC",:801-68721
146113,DAVLIN FUND ADVISORS,:801-68874
146148,"FROST INVESTMENT ADVISORS, LLC",:801-68724
146340,BUSHIDO CAPITAL PARTNERS LLC,:801-68814
146386,"VICTORIA 1522 INVESTMENTS, LP",:801-68943
146551,SCHOONER INVESTMENT GROUP LLC,:801-68985
146629,KKR CREDIT ADVISORS (US) LLC,:801-69633
146652,CHARIOT ADVISORS,:801-69623
146681,"GATEWAY INVESTMENT ADVISERS, LLC",:801-68972
146720,"ASPIRIANT, LLC",:801-68987
146786,"TRIAD INVESTMENT MANAGEMENT, LLC",:801-68966
146851,"LEONETTI & ASSOCIATES, LLC",:801-69003
146897,"CLARITY CAPITAL MANAGEMENT, INC.",:801-71845
146990,"WESTFIELD CAPITAL MANAGEMENT COMPANY, L.P.",:801-69413
147067,"GATOR CAPITAL MANAGEMENT, LLC",:801-77606
147110,"EVENTIDE ASSET MANAGEMENT, LLC",:801-69154
147189,"TIEDEMANN ADVISORS, LLC",:801-69865
147235,LONGVIEW CAPITAL MANAGEMENT LLC,:801-69226
147269,"MEYERS CAPITAL MANAGEMENT GROUP, LLC",:801-69220
147271,PAYDEN/KRAVITZ INVESTMENT ADVISERS LLC,:801-69194
147548,MIRAE ASSET GLOBAL INVESTMENTS (USA) LLC,:801-69439
147662,CHICAGO PARTNERS INVESTMENT GROUP LLC,:801-69500
147746,HARTFORD FUNDS,:801-77209
148072,"THREE G FINANCIAL, LLC",:801-69579
148152,"SKYBRIDGE CAPITAL II, LLC",:801-71056
148267,LYRICAL ASSET MANAGEMENT LP,:801-71099
148361,"COGNIOS CAPITAL, LLC",:801-77198
148399,"EVERCORE WEALTH MANAGEMENT, LLC",:801-69645
148472,"CONVERGENCE INVESTMENT PARTNERS, LLC",:801-69707
148534,"NUANCE INVESTMENTS, LLC",:801-69682
148566,"1492 CAPITAL MANAGEMENT, LLC",:801-70447
148572,IRONHORSE CAPITAL LLC,:801-78730
148574,DESTRA CAPITAL ADVISORS LLC,:801-71604
148640,ADDISON WEALTH MANAGEMENT LLC,:ADDISON+WEALTH+MANAGEMENT+LLC
149003,ALLIANZ GLOBAL INVESTORS U.S. LLC,:801-69803
149120,"ARROWMARK COLORADO HOLDINGS, LLC",:801-69868
149146,"ALPHAONE INVESTMENT SERVICES, LLC",:801-69890
149193,PARNASSUS INVESTMENTS,:801-22799
149222,"UTC FUND SERVICES, INC.",:801-69870
149335,"GOTHAM ASSET MANAGEMENT, LLC",:801-69960
149454,"COOK & BYNUM CAPITAL MANAGEMENT, LLC",:801-69930
149621,MACROVIEW INVESTMENT MANAGEMENT LLC,:801-71500
149653,"HIGHLAND CAPITAL MANAGEMENT FUND ADVISORS, L.P.",:801-69968
149688,MOTLEY FOOL ASSET MANAGEMENT,:801-69975
149770,"GRANITE INVESTMENT ADVISORS, LLC",:801-70096
149849,"7TWELVE ADVISORS, LLC",:801-71758
149867,MONTEBELLO PARTNERS LLC,:801-70164
149936,"LMCG INVESTMENTS, LLC",:801-70357
150084,RISKX INVESTMENTS LLC,:801-70394
150108,INDEPENDENT FRANCHISE PARTNERS LLP,:801-70126
150114,ARTISAN PARTNERS LIMITED PARTNERSHIP,:801-70101
150393,"LOCKWELL INVESTMENTS, LLC",:801-72174
150423,THE NORTHERN TRUST COMPANY OF CONNECTICUT,:801-70379
150429,"V2 CAPITAL, LLC",:801-70377
150435,"CAPSTONE INVESTMENT FINANCIAL GROUP, INC.",:801-70403
150529,"WELLINGTON SHIELDS CAPITAL MANAGEMENT, LLC",:801-70712
150581,LYONS WEALTH MANAGEMENT,:801-70437
150586,"MONTGOMERY ASSET MANAGEMENT, LLC",:801-71711
150614,MARSHFIELD ASSOCIATES,:801-70275
150646,"RIVERPARK ADVISORS, LLC",:801-70321
150647,"FIRSTHAND CAPITAL MANAGEMENT, INC.",:801-70365
150875,"AUTOSPORT FUND ADVISORS, INC.",:801-71600
150910,BREITHORN CAPITAL MANAGEMENT LLC,:801-70451
150978,"RAYLIANT ASSET MANAGEMENT, LLC",:801-70495
150999,"RADY ASSET MANAGEMENT, LLC",:801-70446
151090,"ANGEL OAK CAPITAL ADVISORS, LLC",:801-70670
151127,"ASCENDANT ADVISORS, LLC",:801-72278
151190,VULCAN VALUE PARTNERS LLC,:801-70739
151248,"WI MUTUAL FUNDS, LLC",:801-70523
151443,"EVERMORE GLOBAL ADVISORS, LLC",:801-70645
151491,ARIN RISK ADVISORS LLC,:801-70598
151561,"TEAM FINANCIAL ASSET MANAGEMENT, LLC",:801-70590
151588,"BPV CAPITAL MANAGEMENT, LLC",:801-70613
151659,"LINDE, HANSEN & CO., LLC",:801-72997
151712,"GIBSON VOLATILITY MANAGEMENT, LLC",:801-72075
151749,NEIMAN FUNDS MANAGEMENT LLC,:801-70650
151829,PNC CAPITAL ADVISORS LLC,:801-70684
151912,NILE CAPITAL MANAGEMENT LLC,:801-70780
151956,"STRATEGIC INCOME MANAGEMENT, LLC",:801-71765
152093,CHOU AMERICA MANAGEMENT INC.,:801-70814
152174,RWN3 LLC,:801-70799
152248,"AMERICAFIRST CAPITAL MANAGEMENT, LLC",:801-67636
152338,"MERCURY CAPITAL ADVISORS, LLC",:8-68442
152420,"THESIS FUND MANAGEMENT, LLC",:801-70872
152502,"HILLCREST WELLS ADVISORS, LLC",:801-70928
152521,PANTHER CAPITAL GROUP,:801-80505
152601,LOEB KING CAPITAL MANAGEMENT (D/B/A),:801-78423
152606,DOUBLELINE CAPITAL LP,:801-70942
152607,"MONTAGE INVESTMENTS, LLC",:801-71142
152611,"MILLER TABAK ADVISORS, LLC",:801-70966
152717,"STRATEGIC INVESTING FUNDS, LLC",:801-71055
152820,BRIGHT ROCK CAPITAL MANAGEMENT LLC,:801-71081
152872,"DEL REY GLOBAL INVESTORS, LLC",:801-71069
152922,"EURO PACIFIC ASSET MANAGEMENT, LLC",:801-71199
152982,FIRST WESTERN CAPITAL MANAGEMENT COMPANY,:801-71092
153139,"REDWOOD INVESTMENT MANAGEMENT, LLC.",:801-78563
153285,"JUBAK ASSET MANAGEMENT, LLC",:801-71224
153372,"SIMPLE ALTERNATIVES, LLC",:801-71371
153401,ORACLE INVESTMENT RESEARCH,:801-71472
153417,COWEN TRADING STRATEGIES LLC,:801-71521
153456,AMG FUNDS LLC,:801-56365
153464,"CASTLE INVESTMENT MANAGEMENT, LLC",:801-71363
153498,ABBEY CAPITAL LIMITED,:801-71322
153632,"LONG SHORT ADVISORS, LLC",:801-71538
153830,"FULL CIRCLE ADVISORS, LLC",:801-71447
153838,"WAYCROSS PARTNERS, LLC",:801-81041
153914,"SALIENT CAPITAL ADVISORS, LLC",:801-71482
153920,"INSTITUTIONAL INVESTOR ADVISERS, INC.",:801-71574
153956,"CLIFFORD CAPITAL PARTNERS, LLC",:801-78911
154003,"ALTEGRIS ADVISORS, LLC",:801-71496
154009,13D MANAGEMENT LLC,:801-72869
154287,"SEAPORT GLOBAL ADVISORS, LLC",:801-71628
154309,RAM CAPITAL MANAGEMENT LLC,:801-71664
154344,BRETTON CAPITAL MANAGEMENT,:801-71709
154461,"INVESCO MANAGED ACCOUNTS, LLC",:801-61716
154721,"VILAS CAPITAL MANAGEMENT, LLC",:801-71809
154820,"BISHOP ASSET MANAGEMENT, LLC",:801-71810
154872,IRONCLAD INVESTMENTS LLC,:801-71772
154908,ORINDA ASSET MANAGEMENT LLC,:801-72126
154957,PIMCO INVESTMENTS LLC,:8-68686
154963,"NEW FRONTIERS ADVISORY GROUP, LLC.",:801-71865
155322,"PRESERVATION TRUST ADVISORS, LLC",:801-72576
155351,"M3SIXTY ADVISORS, LLC",:801-71965
155473,"DEARBORN CAPITAL MANAGEMENT, LLC",:801-72068
155554,"CONVERGENCE FINANCIAL SERVICES, INC.",:801-72242
155572,"CORPORATE FINANCIAL SOLUTIONS, INC.",:801-72089
155617,LONGBOARD ASSET MANAGEMENT,:801-72623
155686,"WESTCHESTER CAPITAL MANAGEMENT, LLC",:801-72002
155697,PALMER SQUARE CAPITAL MANAGEMENT LLC,:801-72047
155737,ALPHA CAPITAL FUNDS MANAGEMENT,:801-71990
155763,"VISIUM ASSET MANAGEMENT, LP",:802-113457
155782,"ACUITAS INVESTMENTS, LLC",:801-79447
155870,"RISK PARADIGM GROUP, LLC",:801-72141
155889,TURQUOISE ASSET MANAGEMENT LLC,:801-72114
155923,PLAINSBORO GLOBAL CAPITAL INC.,:801-72652
155998,"JACOBS BROEL ASSET MANAGEMENT, LLC",:801-72102
156032,GOODHAVEN CAPITAL MANAGEMENT,:801-72093
156148,UNION STREET PARTNERS LLC,:801-72120
156247,"LOCORR FUND MANAGEMENT, LLC",:801-72130
156260,"COVE STREET CAPITAL, LLC",:801-72231
156339,"RIVERSIDE ADVISORS, LLC",:801-72161
156341,"PEREGRINE CAPITAL ADVISORS, INC",:801-72659
156371,"DREXEL HAMILTON INVESTMENT PARTNERS, LLC",:801-72212
156393,"OXBOW ADVISORS, LLC",:801-72387
156397,EULAV ASSET MANAGEMENT,:801-72140
156704,"MAKEFIELD CAPITAL MANAGEMENT, LLC",:801-72237
156783,"HNP CAPITAL FUND MANAGEMENT GROUP, LLC",:801-72247
156933,"EQUITABLE INVESTMENT MANAGEMENT GROUP, LLC",:801-72220
157046,ABSOLUTE PRIVATE WEALTH MANAGEMENT LLC,:801-72461
157047,"BARRETT ASSET MANAGEMENT, LLC",:801-72395
157091,"SUMMIT GLOBAL INVESTMENTS, LLC",:801-76631
157160,"B. RILEY ASSET MANAGEMENT, LLC",:801-78852
157295,"ALTRIUS INSTITUTIONAL ASSET MANAGEMENT, LLC",:801-72306
157339,"MARTIN CAPITAL MANAGEMENT, LLC",:801-72271
157349,MADISON DEARBORN PARTNERS,:801-74015
157394,VERICIMETRY ADVISORS LLC,:801-72644
157629,NAPIER PARK GLOBAL CAPITAL LTD,:801-72524
157705,AVONDALE ASSET MANAGEMENT,:801-80079
157821,"PRINCETON FUND ADVISORS, LLC",:801-72525
157844,SENTINEL CAPITAL SOLUTIONS,:801-72565
157874,"TWO OAKS INVESTMENT MANAGEMENT, LLC",:801-72390
157964,HARVEST GLOBAL INVESTMENTS LIMITED,:801-72429
157980,ADVISORS PREFERRED LLC,:801-72430
158026,HANNA CAPITAL,:801-72569
158051,CITIGROUP FIRST INVESTMENT MANAGEMENT AMERICAS LLC,:801-72542
158240,DELUX CAPITAL GROUP LLC,:801-72531
158270,GRANDEUR PEAK GLOBAL ADVISORS,:801-72540
158292,"GLOBAL VIEW CAPITAL MANAGEMENT, LTD",:801-72887
158671,"SEAFARER CAPITAL PARTNERS, LLC",:801-72898
158822,"TRIEX FINANCIAL SERVICES, INC.",:801-72663
158834,AVATAR INVESTMENT MANAGEMENT,:801-72684
158949,"SOLUTIONS FUNDS GROUP, INC.",:801-72794
159030,USAA ASSET MANAGEMENT COMPANY,:801-72896
159062,PETER R KOHLI,:801-73031
159064,NEWFOUND RESEARCH LLC,:801-73042
159103,ALLIED INVESTMENT ADVISORS LLC,:801-79202
159227,JAG CAPITAL MANAGEMENT LLC,:801-72799
159233,INNOVATOR MANAGEMENT LLC,:801-72910
159322,ABBOT DOWNING INVESTMENT ADVISORS,:801-72865
159377,MILLIMAN FINANCIAL RISK MANAGEMENT LLC,:801-73056
159432,"KOTTKE MANAGED COMMODITIES, LLC",:801-72837
159469,"AC ONE ASSET MANAGEMENT, LLC",:801-72875
159558,BRAM US LLC,:801-77716
159650,"NORTH PEAK ASSET MANAGEMENT, LLC",:801-77195
159897,GLENFINNEN CAPITAL LLC,:801-78133
159972,"CARNE CAPITAL, LLC",:801-72965
160207,ROCKY PEAK CAPITAL MANAGEMENT,:801-73059
160276,"ATLAS FINANCIAL ADVISORS, INC.",:801-120944
160383,LADDER CAPITAL ASSET MANAGEMENT LLC,:801-107941
160441,"NATIONAL FUND ADVISORS, LLC",:801-74427
160452,AMH EQUITY LTD,:801-74397
160565,"SATUIT FUNDS MANAGEMENT, LLC",:801-73070
160580,"SIRIOS CAPITAL MANAGEMENT, L.P.",:801-73570
160985,YORK STREET CAPITAL PARTNERS,:802-80521
161556,"OFI GLOBAL ASSET MANAGEMENT, INC.",:801-76771
161943,"PSG INVESTMENT ADVISORS, LLC",:801-74506
162053,CARLYLE GLOBAL CREDIT INVESTMENT MANAGEMENT L.L.C.,:801-77691
162492,"BRAMSHILL INVESTMENTS, LLC",:801-74578
163038,"CB CAPITAL MANAGEMENT, LLC",:802-75875
163493,THE INVESTMENT HOUSE LLC,:801-76547
163516,"FIRST CAPITAL GROUP MANAGEMENT COMPANY, LLC",:802-75046
163814,"WAKEFIELD ADVISORS, LLC",:802-116963
163839,"MONUMENT ADVISORS, INC.",:802-76710
163855,MONTE CAPITAL GROUP LLC,:801-76944
163952,CV ADVISORS,:801-77330
164179,"INFINITY Q CAPITAL MANAGEMENT, LLC",:801-79687
164280,"SWAN CAPITAL MANAGEMENT, LLC",:801-76701
164452,SILVERPEPPER LLC,:801-78000
164498,"FORTIS ADVISORS, LLC",:801-80177
164741,FAIRFAX GLOBAL MARKETS LLC,:801-76856
164753,SILK INVEST LIMITED,:801-77104
164799,"LJM FUNDS MANAGEMENT, LTD.",:801-76983
164818,"SIGNALPOINT CAPITAL MANAGEMENT, LLC",:801-76895
164863,"FOUNDRY PARTNERS, LLC",:801-76953
164925,STONE TORO INVESTMENT ADVISERS,:801-77142
165023,MARKETFIELD ASSET MANAGEMENT LLC,:801-77055
165024,WELLS CAPITAL MANAGEMENT SINGAPORE,:801-76987
165030,"PRICE ASSET MANAGEMENT, INC.",:801-77076
165117,"OFI STEELPATH, INC.",:801-77030
165136,KKM FINANCIAL LLC,:801-77094
165211,"ANFIELD CAPITAL MANAGEMENT, LLC",:801-77714
165306,"PRIVATE CAPITAL MANAGEMENT, LLC",:801-77650
165714,LARKIN POINT INVESTMENT ADVISORS LLC,:801-78636
165737,WITHERSPOON ASSET MANAGEMENT LLC,:801-77245
165782,BLACKSTONE ALTERNATIVE INVESTMENT ADVISORS LLC,:801-77791
165885,"JACKSON PARK CAPITAL, LLC",:801-77396
165892,"GREENWICH ADVISORS, LLC",:802-77326
165937,"CHECCHI CAPITAL FUND ADVISERS, LLC",:801-77371
165948,"ARMOURWEALTH MANAGEMENT, LLC",:801-77383
165971,"GIRALDA ADVISORS, LLC",:801-77359
165976,CBOE VEST FINANCIAL LLC,:801-77463
166089,HOOD RIVER CAPITAL MANAGEMENT LLC,:801-77537
166133,"STRINGER ASSET MANAGEMENT, LLC",:801-77536
166462,TRIUMPH ALTERNATIVES LLC,:801-77659
166710,"OLIVE STREET INVESTMENT ADVISERS, LLC",:801-77754
166732,DOUBLELINE EQUITY LP,:801-77611
166782,"FIDELITY SELECTCO, LLC",:801-77635
167071,NEWMARK INVESTMENT MANAGEMENT LLC,:801-77693
167104,"SUPERFUND ADVISORS, INC.",:801-77984
167331,"M.D. SASS, LLC",:801-78002
167492,TETON FUND MANAGEMENT LLC,:801-78894
167549,BARROW STREET ADVISORS LLC,:801-77977
167619,OBP CAPITAL,:801-80213
167658,"MUTUAL ADVISORS, LLC",:801-78089
167725,"WAVELENGTH CAPITAL MANAGEMENT, LLC",:801-78192
168300,"VALSPRESSO INVESTMENT MANAGEMENT, LLC",:801-80487
168313,CAPITAL IMPACT ADVISORS,:801-78345
168432,R SQUARED CAPITAL,:801-78694
168476,"BP CAPITAL FUND ADVISORS, LLC",:801-78461
168596,"PORT STREET INVESTMENTS, LLC",:801-78708
168884,"VIVALDI ASSET MANAGEMENT, LLC",:801-78504
169018,DYNAMIC ADVISORS,:801-78755
169227,CVR PORTFOLIO FUNDS LLC,:801-78840
169258,"MERGANSER CAPITAL MANAGEMENT, LLC",:801-78733
169416,"BALTER LIQUID ALTERNATIVES, LLC",:801-78740
169465,RIVER CANYON FUND MANAGEMENT LLC,:801-78722
169523,"3D PRINTING FUND ADVISERS, LLC",:801-78868
169528,"RESQ INVESTMENT PARTNERS, LLC",:801-78822
169568,"MML INVESTMENT ADVISERS, LLC",:801-78778
169679,ASTOR INVESTMENT MANAGEMENT LLC,:801-78794
169854,"ASPIRATION FUND ADVISER, LLC",:801-80317
169957,"CAMELOT FUNDS, LLC",:801-79300
169959,"ARISTOTLE CREDIT PARTNERS, LLC",:801-78984
170057,"CLEARBROOK INVESTMENT MANAGEMENT, LLC",":CLEARBROOK+INVESTMENT+MANAGEMENT,+LLC"
170064,"JACKSON SQUARE PARTNERS, LLC",:801-79255
170107,"LIQUID STRATEGIES, LLC",:801-79222
170174,"CONTEXT CAPITAL ADVISERS, LLC",:801-79073
170303,ASHMORE INVESTMENT ADVISORS LIMITED,:801-79169
170335,"CHARTWELL INVESTMENT PARTNERS, LLC",:801-79127
170485,PAX ELLEVATE MANAGEMENT LLC,:801-79216
170619,"CANE CAPITAL MANAGEMENT, LLC",:801-80168
170628,HATTERAS INVESTMENT PARTNERS,:801-79326
170679,ALPHACENTRIC ADVISORS LLC,:801-79616
170800,"CONTEXT ADVISERS II, L.P.",:801-79866
171003,"OSTRUM ASSET MANAGEMENT U.S., LLC",:801-79804
171013,"FORTUNATUS INVESTMENTS, LLC",:801-79906
171342,"SIRIUS POINT ADVISORS, INC.",:801-79733
171402,"OTTER CREEK ADVISORS, LLC",:801-80611
171520,"KAIZEN ADVISORY, LLC",:801-80221
171847,"ABR DYNAMIC FUNDS, LLC",:801-80044
171924,WINTON CAPITAL US LLC,:801-80294
172240,"CONTEXT ADVISERS III, LLC",:801-80975
172312,"LEADSMAN CAPITAL, LLC",:801-80094
172353,SPOUTING ROCK FUND MANAGEMENT,:801-80175
172379,"COUNTERPOINT MUTUAL FUNDS, LLC",:801-80197
172421,"JLP ASSET MANAGEMENT, LLC",:801-80143
172633,"42 INVESTMENT ADVISORY GROUP, LLC.",:801-80305
173018,"THOMAS CROWN CAPITAL, LLC",:801-80465
173151,"SOUNDWATCH CAPITAL, LLC",:801-80617
173198,"ARISTOTLE CAPITAL BOSTON, LLC",:801-80368
173627,"GRATUS CAPITAL, LLC",:801-80563
173961,"WILLIAM BLAIR INVESTMENT MANAGEMENT, LLC",:801-80640
174129,KNIGHTS OF COLUMBUS ASSET ADVISORS LLC,:801-80844
174260,"ASCENDANT CAPITAL MANAGEMENT, LLC",:801-80770
174346,ALPHACORE CAPITAL LLC,:801-108468
174904,"CARILLON TOWER ADVISERS, INC.",:801-100356
175051,"HAYS CAPITAL MANAGEMENT, LLC",:801-81156
175071,"FALCON CAPITAL MANAGEMENT, LLC",:801-100411
175212,DOUBLELINE ALTERNATIVES LP,:801-88173
175257,"RAMSEY QUANTITATIVE SYSTEMS, INC.",:801-97337
175325,"TOPTURN FUND ADVISORS, LLC",:801-96340
179538,"FIRST SECURITY FUND ADVISERS, INC.",:801-96186
197522,DUNDAS GLOBAL INVESTORS,:801-96275
224519,RYAN LABS ASSET MANAGEMENT,:801-96263
226685,"GRIPMAN INVESTMENT ADVISORS, LLC",:801-100350
226734,LONGCAP INVESTMENT MANAGEMENT,:801-101549
277165,"CHIRON INVESTMENT MANAGEMENT, LLC",:801-106527
281079,"ARS INVESTMENT MANAGEMENT, LLC",:801-108107
281150,"WILLARD MILLS ADVISORY, LLC",:801-106518
281201,ADAPTIVE INVESTMENTS,:801-106545
281259,CASTLEMAINE LLC,:801-106656
281314,"VIRTUS RETIREMENT INVESTMENT ADVISERS, LLC",:801-106649
281385,"FORT PITT CAPITAL GROUP, LLC",:801-106608
281617,"COMMUNITY DEVELOPMENT FUND ADVISORS, LLC",:801-106710
281689,"MAIN MANAGEMENT FUND ADVISORS, LLC",:801-106755
281757,KIMBERLITE ASSET MANAGEMENT LLC,:801-106830
281785,"JAMES ALPHA ADVISORS, LLC",:801-106805
282241,"KOVITZ INVESTMENT GROUP PARTNERS, LLC",:801-107054
282270,"MHI FUNDS, LLC",:801-106993
282399,MOERUS CAPITAL MANAGEMENT LLC,:801-107225
282959,CENTERSTONE INVESTORS LLC,:801-107361
283085,FIRST SUMMIT CAPITAL MANAGEMENT LLC,:FIRST+SUMMIT+CAPITAL+MANAGEMENT+LLC
283258,"HOLBROOK HOLDINGS, INC.",:801-107682
283582,"SYSTELLIGENCE, LLC",:801-107695
283624,ALPHA CAPITAL MANAGEMENT GROUP LLC,:801-107838
283771,ADALTA CAPITAL MANAGEMENT LLC,:801-107823
283794,SYMPHONY WEALTH MANAGEMENT,:801-107877
283930,EQUITY INVESTMENT CORP,:801-107945
284147,J.P. MORGAN ADMINISTRADORA DE CARTEIRAS BRASIL LTDA,:802-107962
284287,NORTHSTAR CAPITAL MANAGEMENT LLC,:801-108099
284474,RAREVIEW CAPITAL LLC,:801-108100
284684,"REGENTS PARK FUNDS, LLC",:801-108885
285423,TURNER INVESTMENTS LLC,:801-108445
285971,"RUANE, CUNNIFF & GOLDFARB L.P.",:801-111872
286297,"KEELEY-TETON ADVISORS, LLC",:801-108880
286594,"CROSSINGBRIDGE ADVISORS, LLC",:801-110043
287718,"INNOVATOR CAPITAL MANAGEMENT, LLC",:801-110111
289935,MISSION FUNDS ADVISORS,:801-111759
290166,BARREL PARK INVESTMENTS,:801-111893
290900,"LIBERTY RIDGE CAPITAL, LLC",":LIBERTY+RIDGE+CAPITAL,+LLC"
291798,"CAMELOT EVENT-DRIVEN ADVISORS, LLC",:801-112328
292158,INNEALTA CAPITAL,:801-112421
292454,"PEOPLE'S UNITED ADVISORS, INC.",:801-112648
294197,ROCKEFELLER CAPITAL MANAGEMENT,:801-113009
299211,"PARAGON WEALTH MANAGEMENT, INC.",":PARAGON+WEALTH+MANAGEMENT,+INC."
304290,LIBERTY ONE INVESTMENT MANAGEMENT,:801-116826
111945,CONSERVEST MANAGEMENT CO,:801-12634
282308,MISAKI CAPITAL INC.,:801-107205
123793,"FINANCIAL PLANS & STRATEGIES, INC.",:801-107206
283580,FIREBOLT VENTURES,:802-107707
283871,"BERNARD & JOHNSON, LLC",:801-107820
126748,"CAPITAL ADVISORS, LLC",:801-108032
284858,EMERALD TECHNOLOGY VENTURES AG,:802-108357
284615,"SEMILLERO ADVISORS, LLC",:802-108443
285251,"MOUNTAIN PEAK WEALTH ADVISORS, LLC",:801-108534
283613,"SOMA EQUITY PARTNERS, LP",:801-108610
286239,GOODVEST LLC,:801-108981
154839,ELWOOD & GOETZ,:801-109935
284801,FOLIUM CAPITAL LP,:801-110247
148832,OAK WEALTH ADVISORS LLC,:801-110588
165370,STAR AMERICA INFRASTRUCTURE PARTNERS,:801-110957
289819,"BRONZE CAPITAL MANAGEMENT, LLC",:802-111726
289885,"TWIN OAKS FUND MANAGEMENT, LLC",:802-111737
292107,MATRIX ADVISORY,:801-112865
310048,"ISA VENTURES FUND MANAGEMENT, LLC",:802-119347
111945,CONSERVEST MANAGEMENT CO,:801-12634
282308,MISAKI CAPITAL INC.,:801-107205
123793,"FINANCIAL PLANS & STRATEGIES, INC.",:801-107206
283580,FIREBOLT VENTURES,:802-107707
283871,"BERNARD & JOHNSON, LLC",:801-107820
126748,"CAPITAL ADVISORS, LLC",:801-108032
284858,EMERALD TECHNOLOGY VENTURES AG,:802-108357
284615,"SEMILLERO ADVISORS, LLC",:802-108443
285251,"MOUNTAIN PEAK WEALTH ADVISORS, LLC",:801-108534
283613,"SOMA EQUITY PARTNERS, LP",:801-108610
286239,GOODVEST LLC,:801-108981
154839,ELWOOD & GOETZ,:801-109935
284801,FOLIUM CAPITAL LP,:801-110247
148832,OAK WEALTH ADVISORS LLC,:801-110588
165370,STAR AMERICA INFRASTRUCTURE PARTNERS,:801-110957
289819,"BRONZE CAPITAL MANAGEMENT, LLC",:802-111726
289885,"TWIN OAKS FUND MANAGEMENT, LLC",:802-111737
292107,MATRIX ADVISORY,:801-112865
310048,"ISA VENTURES FUND MANAGEMENT, LLC",:802-119347
111945,CONSERVEST MANAGEMENT CO,:801-12634
282308,MISAKI CAPITAL INC.,:801-107205
123793,"FINANCIAL PLANS & STRATEGIES, INC.",:801-107206
283580,FIREBOLT VENTURES,:802-107707
283871,"BERNARD & JOHNSON, LLC",:801-107820
126748,"CAPITAL ADVISORS, LLC",:801-108032
284858,EMERALD TECHNOLOGY VENTURES AG,:802-108357
284615,"SEMILLERO ADVISORS, LLC",:802-108443
285251,"MOUNTAIN PEAK WEALTH ADVISORS, LLC",:801-108534
283613,"SOMA EQUITY PARTNERS, LP",:801-108610
286239,GOODVEST LLC,:801-108981
154839,ELWOOD & GOETZ,:801-109935
284801,FOLIUM CAPITAL LP,:801-110247
148832,OAK WEALTH ADVISORS LLC,:801-110588
165370,STAR AMERICA INFRASTRUCTURE PARTNERS,:801-110957
289819,"BRONZE CAPITAL MANAGEMENT, LLC",:802-111726
289885,"TWIN OAKS FUND MANAGEMENT, LLC",:802-111737
292107,MATRIX ADVISORY,:801-112865
310048,"ISA VENTURES FUND MANAGEMENT, LLC",:802-119347
